a.rottmann=Andreas Rottmann <a.rottmann@gmx.at>
adam=Samuel Adam <adam@certifound.com>
adamd=Adam D. Morley <adam@gmi.com>
anonymous=- <->
aswift=Adam Swift <aswift@apple.com>
chw=Christian Werner <chw@ch-werner.de>
dan=Dan Kennedy <danielk1977@gmail.com>
danielk1977=Dan Kennedy <danielk1977@gmail.com>
dougcurrie=Doug Currie <doug.currie@gmail.com>
doughenry=Doug Henry <brilligent@gmail.com>
drh=D. Richard Hipp <drh@hwaci.com>
icculus=Ryan C. Gordon <icculus@icculus.org>
jadams=Joshua Adams <jadams@tresys.com>
jplyon=Jim Lyon <jplyon@attglobal.net>
kwel=Kurt Welgehausen <kwel.net>
mihailim=Mihai Limbasan <mihailim@security.ro>
mike=Mike Cariotoglou <mike@singular.gr>
mistachkin=Joe Mistachkin <sqlite@mistachkin.com>
mlcreech=Matthew L. Creech <mlcreech@gmail.com>
nobody=- <->
paul=Paul Smith <pauleg@pscs.co.uk>
persicom=Matthew O. Persico <matthew.persico@verizon.net>
peter=Peter Berkenbosch <peter@pero-ict.nl>
peter.d.reid=Peter Reid <peter.d.reid@gmail.com>
pweilbacher=Peter Weilbacher <mozilla@weilbacher.org>
rdc=Ramdhan Choudhary <ramdhan.cse@gmail.com>
rogerb=Roger Binns <rogerb@rogerbinns.com>
rse=Ralf S. Engelschall <rse@engelschall.com>
shane=Shane Harrelson <shane.harrelson@gmail.com>
shaneh=Shane Harrelson <shane.harrelson@gmail.com>
shess=Scott Hess <shess@google.com>
tpoindex=Tom Poindexter <tpoindex@nyx.net>
vapier=Mike Frysinger <vapier@gentoo.org>
xdong=Dong Xuezhang-A19583 <xdong@motorola.com>
